Workbook

Sheet 주문내역
A1: 상품코드 | B1: 수량 | C1: 단가 | D1: 금액 | E1: 상품명 | F1: 목표수량 | G1: 달성률 | H1: 영업 합계 | I1: 전월 대비
A2: P-001 | B2: 10 | C2: 1,200원 | D2: =B2*C2 | E2: =VLOOKUP(A2,상품목록!A:C,2,FALSE) | G2: =B2/F2 | H2: =SUMIF(부서,"영업",B:B) | I2: =D2/#REF!-1
A3: P-002 | B3: 5 | C3: 3500 | D3: =B3*C3 | E3: =VLOOKUP(A3,상품목록!A:C,2,FALSE) | F3: 10 | G3: =B3/F3 | H3: =SUMIF(부서,"영업",B:B) | I3: =D3/#REF!-1
A4: P-003 | B4: 8 | C4: 2800 | D4: =B4*C4 | E4: =VLOOKUP(A4,상품목록!A:C,2,FALSE) | F4: 0 | G4: =B4/F4 | H4: =SUMIF(부서,"영업",B:B) | I4: =D4/#REF!-1
A5: P-004 | B5: 12 | C5: 1500 | D5: =B5*C5 | E5: =VLOOKUP(A5,상품목록!A:C,2,FALSE) | F5: 15 | G5: =B5/F5 | H5: =SUMIF(부서,"영업",B:B) | I5: =D5/#REF!-1
A6: P-005 | B6: 3 | C6: 9900 | D6: =B6*C6 | E6: =VLOOKUP(A6,상품목록!A:C,2,FALSE) | G6: =B6/F6 | H6: =SUMIF(부서,"영업",B:B) | I6: =D6/#REF!-1

Sheet 상품목록
A1: 상품코드 | B1: 상품명 | C1: 분류
A2: P-001 | B2: A4 복사용지 | C2: 사무용품
A3: P-002 | B3: 볼펜 12입 | C3: 필기구
A4: P-003 | B4: 포스트잇 | C4: 사무용품
A5: P-004 | B5: 스테이플러 | C5: 사무용품
A6: P-006 | B6: 화이트보드 | C6: 비품

Sheet 실습안내
A1: [업무 공략 027] 엑셀 함수 오류 해결하기 실습
A2: 주문내역 시트에는 다양한 오류(#VALUE!, #N/A, #DIV/0!, #NAME?, #REF!)가 들어 있습니다.
A3: 1) 오류가 난 셀의 수식과 상황을 ChatGPT에 설명하고 원인을 찾아보세요.
A4: 2) 힌트: 상품목록 시트의 일부 상품코드 끝에 공백이 있습니다. P-005는 상품목록에 없습니다.
A5: 3) 힌트: C2 단가는 '1,200원'이라는 텍스트입니다.
A6: 4) 힌트: '부서'라는 이름 정의가 없습니다.
A7: 5) 수정한 수식을 IFERROR로 감싸 오류 대신 '확인 필요'가 보이게 해 보세요.
